Company,Location,Date of Posting,Total Compensation,Base,Stock,Bonuses
Databricks,"San Francisco, CA",2022-09-12 00:00:00,584925,165000,399300,20600
Amazon,"Santa Clara, CA",2022-09-15 00:00:00,453000,200000,125000,128000
Google,"Mountain View, CA",2022-09-18 00:00:00,453000,168000,260000,25000
Amazon,"Santa Clara, CA",2022-09-18 00:00:00,433000,200000,125000,108000
Google,"Sunnyvale, CA",2022-09-15 00:00:00,430000,200000,180000,50000
Stripe,"San Francisco, CA",2022-09-20 00:00:00,418000,198000,200000,20000
Cruise,"San Francisco, CA",2022-09-30 00:00:00,415000,225000,125000,65000
Color,"San Francisco, CA",2022-09-22 00:00:00,407600,200000,183600,24000
Rippling,"San Francisco, CA",2022-09-20 00:00:00,407063,168000,239100,N/A
Amazon,"Santa Clara, CA",2022-09-25 00:00:00,405750,195000,122800,88000
Apple,"Cupertino, CA",2022-09-30 00:00:00,399000,194000,190000,15000
Apple,"Cupertino, CA",2022-09-21 00:00:00,397500,225000,150000,22500
Nuro,"Mountain View, CA",2022-09-08 00:00:00,363400,195000,145000,23400
Microsoft,"Mountain View, CA",2022-09-21 00:00:00,362000,210000,120000,32000
Apple,"Cupertino, CA",2022-10-02 00:00:00,360000,187000,148000,25000
Moveworks,"Mountain View, CA",2022-09-30 00:00:00,357400,180000,177400,N/A
ByteDance,"Mountain View, CA",2022-09-22 00:00:00,354250,230000,54300,70000
Amazon,"Santa Clara, CA",2022-09-14 00:00:00,352375,200000,83100,69300
Google,"Mountain View, CA",2022-09-28 00:00:00,350000,200000,120000,30000
Snowflake,"San Francisco, CA",2022-09-14 00:00:00,350000,190000,141000,19000
Atlassian,"Mountain View, CA",2022-09-18 00:00:00,339000,187000,124000,28000
eBay,"San Jose, CA",2022-09-17 00:00:00,336000,186000,150000,N/A
Amazon,"Sunnyvale, CA",2022-09-16 00:00:00,330000,160000,90000,80000
Verily,"South San Francisco, CA",2022-09-23 00:00:00,330000,141000,34000,155000
LinkedIn,"Sunnyvale, CA",2022-09-24 00:00:00,329500,204500,105000,20000
Adobe,"San Jose, CA",2022-09-30 00:00:00,325500,185000,103800,36800
Apple,"Cupertino, CA",2022-10-05 00:00:00,325250,185000,112500,27800
Amazon,"Palo Alto, CA",2022-09-29 00:00:00,325000,175000,150000,N/A
Oracle,"Redwood City, CA",2022-09-09 00:00:00,317000,157000,160000,N/A
Amazon,"Cupertino, CA",2022-09-24 00:00:00,315250,202000,57000,56300
Google,"Mountain View, CA",2022-09-29 00:00:00,312500,160000,100000,52500
ByteDance,"Mountain View, CA",2022-09-21 00:00:00,310250,205000,46500,58800
Oracle,"Redwood City, CA",2022-09-09 00:00:00,310000,155000,155000,N/A
Amazon,"Santa Clara, CA",2022-09-29 00:00:00,309000,194000,45000,70000
LinkedIn,"Sunnyvale, CA",2022-09-15 00:00:00,306000,160000,130000,16000
Waymo,"San Francisco, CA",2022-09-09 00:00:00,305000,175000,95000,35000
Roblox,"San Mateo, CA",2022-10-01 00:00:00,300000,180000,120000,N/A
Google,"San Francisco, CA",2022-09-19 00:00:00,300000,240000,60000,N/A
Credit Karma,"Oakland, CA",2022-09-18 00:00:00,294177,210000,84200,N/A
Atlassian,"San Francisco, CA",2022-09-16 00:00:00,292000,167000,100000,25000
Google,"San Francisco, CA",2022-09-12 00:00:00,291000,146000,120000,25000
Cash App,"San Francisco, CA",2022-09-11 00:00:00,290000,190000,100000,N/A
Facebook,"Menlo Park, CA",2022-09-25 00:00:00,287900,198200,60000,29700
Facebook,"Menlo Park, CA",2022-09-22 00:00:00,283500,165000,78800,39800
Facebook,"Menlo Park, CA",2022-09-07 00:00:00,283500,165000,78800,39800
Atlassian,"Mountain View, CA",2022-09-21 00:00:00,280000,161000,103000,16000
DoorDash,"San Francisco, CA",2022-09-16 00:00:00,280000,180000,100000,N/A
Databricks,"San Francisco, CA",2022-09-22 00:00:00,280000,130000,150000,N/A
Google,"Mountain View, CA",2022-09-30 00:00:00,280000,170000,110000,N/A
Waymo,"Mountain View, CA",2022-09-27 00:00:00,277250,165000,62500,49800
Amazon,"Sunnyvale, CA",2022-09-18 00:00:00,275000,175000,N/A,100000
LinkedIn,"Sunnyvale, CA",2022-09-13 00:00:00,273818,183800,90000,N/A
Google,"Mountain View, CA",2022-09-12 00:00:00,270000,168000,77000,25000
Roblox,"San Mateo, CA",2022-09-23 00:00:00,268735,168700,100000,N/A
Google,"Mountain View, CA",2022-09-16 00:00:00,268000,168000,50000,50000
Apple,"Cupertino, CA",2022-09-29 00:00:00,268000,158000,100000,10000
LinkedIn,"San Francisco, CA",2022-09-29 00:00:00,266000,160000,90000,16000
Stripe,"South San Francisco, CA",2022-09-20 00:00:00,265600,146000,85000,34600
Instabase,"San Francisco, CA",2022-09-28 00:00:00,265380,160000,89400,16000
LinkedIn,"Sunnyvale, CA",2022-10-02 00:00:00,262750,140000,100000,22800
Tesla,"Palo Alto, CA",2022-09-22 00:00:00,262500,200000,62500,N/A
Apple,"San Francisco, CA",2022-09-19 00:00:00,262000,170000,77000,15000
Amazon,"Sunnyvale, CA",2022-09-14 00:00:00,261867,175800,49700,36400
Cruise,"San Francisco, CA",2022-09-11 00:00:00,261250,150000,75000,36300
Google,"Mountain View, CA",2022-09-29 00:00:00,260750,180000,50000,30800
Cisco,"San Jose, CA",2022-09-26 00:00:00,257000,170000,70000,17000
Roblox,"San Mateo, CA",2022-10-03 00:00:00,256250,152500,72500,31300
Apple,"San Francisco, CA",2022-09-15 00:00:00,255000,175000,80000,N/A
Oracle,"Redwood City, CA",2022-09-22 00:00:00,255000,155000,100000,N/A
Lyft,"San Francisco, CA",2022-09-30 00:00:00,255000,155000,100000,N/A
Facebook,"San Francisco, CA",2022-09-14 00:00:00,254000,124000,55000,75000
Apple,"San Francisco, CA",2022-10-04 00:00:00,253300,162000,80000,11300
Apple,"Cupertino, CA",2022-09-16 00:00:00,251000,155000,80000,16000
Apple,"Cupertino, CA",2022-09-29 00:00:00,251000,161000,75000,15000
DoorDash,"San Francisco, CA",2022-09-28 00:00:00,250000,160000,90000,N/A
Apple,"Cupertino, CA",2022-09-22 00:00:00,250000,155000,80000,15000
Google,"San Francisco, CA",2022-09-27 00:00:00,250000,150000,100000,N/A
Microsoft,"San Francisco, CA",2022-09-07 00:00:00,250000,165000,60000,25000
Verkada,"San Mateo, CA",2022-09-25 00:00:00,250000,150000,100000,N/A
Intel,"Santa Clara, CA",2022-09-12 00:00:00,245145,175000,40000,30100
C3.ai,"Redwood City, CA",2022-09-15 00:00:00,245000,155000,40000,50000
Google,"Mountain View, CA",2022-09-10 00:00:00,243200,168000,50000,25200
Apple,"Cupertino, CA",2022-09-09 00:00:00,242500,240000,2500,N/A
Apple,"Sunnyvale, CA",2022-09-30 00:00:00,241554,170000,53600,18000
LinkedIn,"Sunnyvale, CA",2022-09-19 00:00:00,241525,162800,62500,16300
Nvidia,"Santa Clara, CA",2022-09-13 00:00:00,241250,180000,53800,7500
Atlassian,"San Francisco, CA",2022-09-21 00:00:00,241000,160000,65000,16000
JPMorgan Chase,"San Francisco, CA",2022-09-27 00:00:00,240000,240000,N/A,N/A
Walmart Global Tech,"Sunnyvale, CA",2022-09-25 00:00:00,240000,200000,40000,N/A
Amazon,"Sunnyvale, CA",2022-09-09 00:00:00,238000,170000,8000,60000
SambaNova Systems,"Palo Alto, CA",2022-09-09 00:00:00,236738,145000,91700,N/A
Datavant,"San Francisco, CA",2022-10-01 00:00:00,235000,175000,60000,N/A
Roblox,"San Mateo, CA",2022-09-20 00:00:00,234250,152500,72500,9300
Roblox,"San Mateo, CA",2022-09-30 00:00:00,234250,152500,72500,9300
Roblox,"San Mateo, CA",2022-09-25 00:00:00,234250,152500,72500,9300
ByteDance,"Mountain View, CA",2022-09-13 00:00:00,233350,140000,58400,35000
Databricks,"San Francisco, CA",2022-09-08 00:00:00,230875,135000,68800,27100
Databricks,"San Francisco, CA",2022-09-07 00:00:00,230500,135000,68000,27500
Amazon,"Santa Clara, CA",2022-09-16 00:00:00,230009,180000,30000,20000
Verkada,"San Mateo, CA",2022-10-04 00:00:00,230000,105000,125000,N/A
Twitch,"San Francisco, CA",2022-09-12 00:00:00,230000,170000,60000,N/A
Asana,"San Francisco, CA",2022-09-08 00:00:00,230000,170000,60000,N/A
Pinterest,"San Francisco, CA",2022-10-05 00:00:00,230000,180000,50000,N/A
Indeed,"Sunnyvale, CA",2022-09-23 00:00:00,230000,160000,40000,30000
Roblox,"San Mateo, CA",2022-09-22 00:00:00,228750,152500,72500,3800
Databricks,"San Francisco, CA",2022-10-01 00:00:00,228375,135000,68800,24600
Okta,"San Francisco, CA",2022-09-17 00:00:00,228000,168000,60000,N/A
Facebook,"Menlo Park, CA",2022-09-13 00:00:00,228000,118000,40000,70000
Oracle,"Redwood City, CA",2022-09-14 00:00:00,228000,135000,53000,40000
Facebook,"Menlo Park, CA",2022-09-25 00:00:00,228000,118000,40000,70000
Google,"San Francisco, CA",2022-10-01 00:00:00,227500,170000,27500,30000
Google,"Sunnyvale, CA",2022-09-30 00:00:00,226950,159000,42000,26000
Facebook,"Menlo Park, CA",2022-09-26 00:00:00,225685,135900,55000,34800
Yelp,"San Francisco, CA",2022-09-26 00:00:00,225000,170000,55000,N/A
Zoox,"San Francisco, CA",2022-09-30 00:00:00,225000,190000,25000,10000
Netflix,"San Francisco, CA",2022-09-12 00:00:00,225000,225000,N/A,N/A
Mentor Graphics,"San Francisco, CA",2022-09-15 00:00:00,223391,185000,3200,35200
Yelp,"San Francisco, CA",2022-10-02 00:00:00,222250,166000,56300,N/A
Johnson & Johnson,"Santa Clara, CA",2022-10-04 00:00:00,222200,182000,19200,21000
Facebook,"Menlo Park, CA",2022-09-09 00:00:00,221750,138000,55000,28800
Databricks,"San Francisco, CA",2022-10-04 00:00:00,221625,130000,67500,24100
Waymo,"San Francisco, CA",2022-10-05 00:00:00,221250,175000,13800,32500
Google,"Mountain View, CA",2022-09-26 00:00:00,221000,145000,50000,26000
Rubrik,"Palo Alto, CA",2022-10-05 00:00:00,220000,170000,50000,N/A
Google,"San Francisco, CA",2022-09-17 00:00:00,220000,130000,50000,40000
Nvidia,"Santa Clara, CA",2022-09-29 00:00:00,219625,160000,32500,27100
Google,"Mountain View, CA",2022-09-25 00:00:00,218550,152000,43800,22800
Google,"San Francisco, CA",2022-09-10 00:00:00,218000,168000,50000,N/A
Netflix,"Los Gatos, CA",2022-09-30 00:00:00,218000,205000,N/A,13000
Netflix,"Los Gatos, CA",2022-09-12 00:00:00,217500,215000,N/A,2500
Google,"Mountain View, CA",2022-09-28 00:00:00,217350,159000,32000,26400
Lark Health,"San Francisco, CA",2022-09-22 00:00:00,217050,173300,43800,N/A
Amazon,"Santa Clara, CA",2022-09-30 00:00:00,216889,157000,33200,26700
ByteDance,"Mountain View, CA",2022-09-29 00:00:00,216100,146700,33300,36200
Argo AI,"San Francisco, CA",2022-09-26 00:00:00,215000,165000,50000,N/A
Salesforce,"San Francisco, CA",2022-09-14 00:00:00,214204,161000,27500,25700
ByteDance,"Mountain View, CA",2022-09-27 00:00:00,213750,141000,31300,41500
LinkedIn,"Sunnyvale, CA",2022-09-25 00:00:00,213240,148400,50000,14800
Amazon,"Palo Alto, CA",2022-09-30 00:00:00,213162,148400,32000,32700
VMware,"Palo Alto, CA",2022-09-06 00:00:00,213000,165000,30000,18000
Facebook,"Menlo Park, CA",2022-09-19 00:00:00,212650,124000,55000,33700
Nvidia,"Santa Clara, CA",2022-10-03 00:00:00,212500,160000,32500,20000
ByteDance,"Mountain View, CA",2022-09-15 00:00:00,212250,145000,31000,36300
Microsoft,"Mountain View, CA",2022-10-03 00:00:00,212150,127900,34300,50000
Databricks,"San Francisco, CA",2022-10-04 00:00:00,212000,135000,52500,24500
Amazon,"San Francisco, CA",2022-09-13 00:00:00,211570,155000,30700,25900
Palantir,"Palo Alto, CA",2022-10-04 00:00:00,211250,155000,45000,11300
Intuitive,"Sunnyvale, CA",2022-09-20 00:00:00,210000,160000,50000,N/A
Amazon,"San Francisco, CA",2022-09-28 00:00:00,209500,134500,75000,N/A
Oracle,"Redwood City, CA",2022-09-09 00:00:00,208500,130000,70500,8000
Slack,"San Francisco, CA",2022-09-12 00:00:00,208000,153000,40000,15000
ByteDance,"Mountain View, CA",2022-09-22 00:00:00,208000,141500,31200,35400
ByteDance,"Mountain View, CA",2022-09-26 00:00:00,208000,141500,31200,35400
Gusto,"San Francisco, CA",2022-09-26 00:00:00,207500,134000,30000,43500
ByteDance,"Mountain View, CA",2022-09-28 00:00:00,207250,141000,31000,35300
Zoox,"Foster City, CA",2022-09-09 00:00:00,207000,175000,24000,8000
Google,"Mountain View, CA",2022-10-01 00:00:00,207000,144000,33000,30000
Gusto,"San Francisco, CA",2022-09-27 00:00:00,206500,134000,30000,42500
Gusto,"San Francisco, CA",2022-09-30 00:00:00,206500,134000,30000,42500
Chan Zuckerberg Initiative,"San Francisco, CA",2022-09-07 00:00:00,206425,179500,N/A,26900
ByteDance,"Mountain View, CA",2022-09-16 00:00:00,206250,140000,31300,35000
LinkedIn,"San Francisco, CA",2022-09-16 00:00:00,205900,136300,56000,13600
Amazon,"Sunnyvale, CA",2022-09-15 00:00:00,205742,148400,32000,25300
Amazon,"Sunnyvale, CA",2022-09-29 00:00:00,205742,148400,32000,25300
Amazon,"Santa Clara, CA",2022-09-08 00:00:00,205000,150000,32000,23000
Cisco,"San Francisco, CA",2022-09-24 00:00:00,205000,180000,25000,N/A
Snowflake,"San Mateo, CA",2022-09-11 00:00:00,205000,140000,51000,14000
Amazon,"Palo Alto, CA",2022-09-16 00:00:00,204000,148000,32000,24000
Amazon,"Palo Alto, CA",2022-09-13 00:00:00,203992,148400,32000,23600
Amazon,"San Francisco, CA",2022-09-30 00:00:00,203592,148000,32000,23600
Amazon,"Cupertino, CA",2022-10-01 00:00:00,203550,148000,32000,23600
Amazon,"Sunnyvale, CA",2022-09-06 00:00:00,203175,148400,32000,22800
Align Technology,"San Jose, CA",2022-09-26 00:00:00,202500,160000,12500,30000
Nvidia,"Santa Clara, CA",2022-09-10 00:00:00,202500,160000,37500,5000
Covariant,"Emeryville, CA",2022-09-14 00:00:00,201804,162000,39800,N/A
Asana,"San Francisco, CA",2022-09-08 00:00:00,201500,153000,41000,7500
N/A,N/A,N/A,200000,150000,50000,N/A
Oracle,"San Francisco, CA",2022-09-28 00:00:00,200000,135000,65000,N/A
Facebook,"San Francisco, CA",2022-09-08 00:00:00,200000,140000,60000,N/A
WorkOS,"South San Francisco, CA",2022-09-16 00:00:00,200000,200000,N/A,N/A
VMware,"Palo Alto, CA",2022-09-29 00:00:00,200000,165000,35000,N/A
Snap,"San Francisco, CA",2022-09-24 00:00:00,200000,140000,60000,N/A
Google,"San Francisco, CA",2022-09-14 00:00:00,200000,200000,N/A,N/A
Workday,"Pleasanton, CA",2022-09-14 00:00:00,200000,145000,30000,15000
DoorDash,"San Francisco, CA",2022-09-12 00:00:00,200000,135000,43800,21300
DoorDash,"San Francisco, CA",2022-09-15 00:00:00,198750,135000,43800,20000
Splunk,"San Francisco, CA",2022-09-13 00:00:00,198500,135000,50000,13500
Splunk,"San Jose, CA",2022-09-19 00:00:00,198500,135000,50000,13500
Oracle,"Redwood City, CA",2022-09-12 00:00:00,198000,135000,53000,10000
Cisco,"San Francisco, CA",2022-09-17 00:00:00,198000,173000,25000,N/A
Oracle,"Redwood City, CA",2022-09-19 00:00:00,198000,135000,53000,10000
Tesla,"Palo Alto, CA",2022-10-03 00:00:00,197000,137000,60000,N/A
Salesforce,"San Francisco, CA",2022-09-30 00:00:00,196625,147000,25000,24600
Salesforce,"San Francisco, CA",2022-09-15 00:00:00,196063,147000,25000,24100
Salesforce,"San Francisco, CA",2022-10-05 00:00:00,196013,147000,25000,24000
ByteDance,"San Francisco, CA",2022-10-05 00:00:00,196000,133200,29500,33300
Google,"Mountain View, CA",2022-09-21 00:00:00,195600,144000,25000,26600
Microsoft,"Berkeley, CA",2022-09-17 00:00:00,195500,148000,34500,13000
Google,"San Francisco, CA",2022-09-25 00:00:00,195453,130300,65200,N/A
N/A,N/A,N/A,194400,129000,37500,27900
Google,"San Bruno, CA",2022-09-27 00:00:00,194150,142000,25000,27200
Ripple,"San Francisco, CA",2022-09-25 00:00:00,194000,140000,35000,19000
Nvidia,"Santa Clara, CA",2022-09-20 00:00:00,193250,157000,30000,6300
Cisco,"San Francisco, CA",2022-10-01 00:00:00,193000,143000,40000,10000
Lacework,"San Jose, CA",2022-09-23 00:00:00,192998,150000,43000,N/A
Amazon,"Sunnyvale, CA",2022-09-19 00:00:00,192750,144000,29500,19300
Arista Networks,"Santa Clara, CA",2022-09-25 00:00:00,192000,152000,40000,N/A
ByteDance,"San Francisco, CA",2022-10-03 00:00:00,192000,175000,17000,N/A
Snap,"Mountain View, CA",2022-09-19 00:00:00,190500,125000,53000,12500
Nvidia,"Santa Clara, CA",2022-09-11 00:00:00,190500,153000,37500,N/A
Juniper Networks,"Sunnyvale, CA",2022-09-13 00:00:00,190267,160000,6700,23600
Google,"Mountain View, CA",2022-10-04 00:00:00,190090,142000,33000,15100
DiDi,"Mountain View, CA",2022-09-26 00:00:00,190000,130000,40000,20000
Microsoft,"Palo Alto, CA",2022-10-01 00:00:00,190000,140000,30000,20000
Facebook,"Menlo Park, CA",2022-09-27 00:00:00,190000,135000,55000,N/A
Google,"Mountain View, CA",2022-09-11 00:00:00,190000,140000,50000,N/A
Apple,"Sunnyvale, CA",2022-09-08 00:00:00,190000,140000,50000,N/A
Palo Alto Networks,"San Jose, CA",2022-09-30 00:00:00,189900,145000,25000,19900
Slack,"San Francisco, CA",2022-09-20 00:00:00,189875,141000,25000,23900
Splunk,"San Jose, CA",2022-09-08 00:00:00,189833,140000,33300,16500
Atlassian,"San Francisco, CA",2022-09-30 00:00:00,189830,132800,37500,19500
Atlassian,"Mountain View, CA",2022-09-17 00:00:00,189830,132800,37500,19500
Nvidia,"Santa Clara, CA",2022-09-27 00:00:00,189500,157000,32500,N/A
Slack,"San Francisco, CA",2022-09-13 00:00:00,189288,141000,25000,23300
Splunk,"San Francisco, CA",2022-09-25 00:00:00,189208,140000,33300,15900
Salesforce,"San Francisco, CA",2022-10-03 00:00:00,189100,141000,25000,23100
Google,"Mountain View, CA",2022-09-06 00:00:00,188300,142000,25000,21300
Twilio,"San Francisco, CA",2022-09-19 00:00:00,188000,153000,35000,N/A
Facebook,"Menlo Park, CA",2022-09-19 00:00:00,187500,125000,12500,50000
Palo Alto Networks,"Santa Clara, CA",2022-10-01 00:00:00,187400,145000,25000,17400
Splunk,"San Francisco, CA",2022-09-06 00:00:00,187333,140000,33300,14000
Nvidia,"Santa Clara, CA",2022-09-30 00:00:00,187000,157000,30000,N/A
PayPal,"San Jose, CA",2022-09-27 00:00:00,186750,150000,18000,18800
WePay,"Palo Alto, CA",2022-09-30 00:00:00,186250,145000,N/A,41300
Apple,"Cupertino, CA",2022-09-20 00:00:00,186000,145000,26000,15000
Salesforce,"San Francisco, CA",2022-09-13 00:00:00,186000,161000,25000,N/A
Verkada,"San Francisco, CA",2022-09-15 00:00:00,185000,150000,35000,N/A
Affirm,"San Francisco, CA",2022-09-23 00:00:00,185000,160000,25000,N/A
Verkada,"San Francisco, CA",2022-09-24 00:00:00,185000,150000,35000,N/A
Oracle,"Redwood City, CA",2022-09-07 00:00:00,185000,130000,55000,N/A
Oracle,"San Francisco, CA",2022-09-14 00:00:00,185000,130000,55000,N/A
DiDi,"Mountain View, CA",2022-09-28 00:00:00,185000,130000,40000,15000
Adobe,"San Jose, CA",2022-09-19 00:00:00,184200,152000,8500,23700
Oracle,"Redwood City, CA",2022-09-14 00:00:00,184000,144000,40000,N/A
ByteDance,"Mountain View, CA",2022-09-18 00:00:00,183750,125000,27500,31300
Intuit,"Mountain View, CA",2022-09-23 00:00:00,183250,145000,21300,17000
Facebook,"Menlo Park, CA",2022-10-02 00:00:00,183000,118000,40000,25000
eBay,"San Jose, CA",2022-09-24 00:00:00,182875,140000,17000,25900
Marqeta,"Oakland, CA",2022-09-21 00:00:00,182591,139000,23400,20200
Lacework,"San Jose, CA",2022-09-28 00:00:00,181900,137500,44400,N/A
Square,"San Francisco, CA",2022-09-26 00:00:00,181800,148800,33000,N/A
Atlassian,"San Francisco, CA",2022-09-21 00:00:00,181333,135000,33300,13000
Adobe,"San Francisco, CA",2022-09-12 00:00:00,181275,136500,28100,16700
Microsoft,"Mountain View, CA",2022-09-20 00:00:00,181250,140000,32500,8800
23andMe,"Sunnyvale, CA",2022-09-30 00:00:00,181250,140000,24800,16500
ByteDance,"Mountain View, CA",2022-09-14 00:00:00,181250,125000,25000,31300
Microsoft,"Mountain View, CA",2022-09-23 00:00:00,181190,127900,30000,23300
Uber,"San Francisco, CA",2022-09-20 00:00:00,180718,128300,25400,27100
Amazon,"Santa Clara, CA",2022-09-09 00:00:00,180400,148400,32000,N/A
Oracle,"Santa Clara, CA",2022-09-27 00:00:00,180180,120000,45000,15200
Analog Devices,"South San Francisco, CA",2022-10-04 00:00:00,180000,150000,30000,N/A
N/A,N/A,N/A,180000,180000,N/A,N/A
Intuit,"Mountain View, CA",2022-09-16 00:00:00,180000,130000,50000,N/A
U.S. Bank,"San Francisco, CA",2022-09-26 00:00:00,180000,180000,N/A,N/A
Snap,"Palo Alto, CA",2022-09-09 00:00:00,180000,140000,40000,N/A
eBay,"San Jose, CA",2022-09-09 00:00:00,180000,145000,20000,15000
Google,"Mountain View, CA",2022-09-27 00:00:00,180000,160000,20000,N/A
Google,"Mountain View, CA",2022-09-27 00:00:00,180000,160000,20000,N/A
Facebook,"Menlo Park, CA",2022-09-07 00:00:00,180000,160000,20000,N/A
Turo,"San Francisco, CA",2022-09-25 00:00:00,180000,160000,20000,N/A
Cisco,"San Jose, CA",2022-10-03 00:00:00,179717,151000,16700,12100
Anyscale,"San Francisco, CA",2022-09-22 00:00:00,178500,150000,28500,N/A
Cisco,"Milpitas, CA",2022-09-26 00:00:00,178000,152000,16000,10000
WePay,"Palo Alto, CA",2022-09-27 00:00:00,178000,150500,N/A,27500
Nvidia,"Santa Clara, CA",2022-10-04 00:00:00,177500,150000,27500,N/A
Facebook,"Menlo Park, CA",2022-10-05 00:00:00,177500,150000,7500,20000
Apple,"Cupertino, CA",2022-09-17 00:00:00,177500,140000,26300,11300
Tesla,"Palo Alto, CA",2022-09-06 00:00:00,177500,135000,42500,N/A
SpaceX,"San Francisco, CA",2022-09-29 00:00:00,177250,123000,48000,6300
SpaceX,"Mountain View, CA",2022-09-30 00:00:00,177250,123000,48000,6300
Salesforce,"San Francisco, CA",2022-09-29 00:00:00,176800,138000,25000,13800
Google,"San Francisco, CA",2022-09-06 00:00:00,176200,135000,25000,16200
Walmart,"Sunnyvale, CA",2022-09-18 00:00:00,176000,145000,8000,23000
eBay,"San Jose, CA",2022-09-12 00:00:00,175075,137000,13800,24300
Rakuten,"San Mateo, CA",2022-09-20 00:00:00,175000,140000,15000,20000
Ladder,"Palo Alto, CA",2022-09-28 00:00:00,175000,130000,40000,5000
WePay,"Palo Alto, CA",2022-09-22 00:00:00,175000,147000,N/A,28000
Facebook,"Menlo Park, CA",2022-09-13 00:00:00,175000,125000,50000,N/A
Blend,"San Francisco, CA",2022-09-23 00:00:00,175000,130000,45000,N/A
Sumo Logic,"Redwood City, CA",2022-09-30 00:00:00,175000,150000,25000,N/A
Cisco,"San Jose, CA",2022-09-30 00:00:00,174600,132000,36000,6600
VMware,"Palo Alto, CA",2022-09-12 00:00:00,173700,113700,40000,20000
Uber,"San Francisco, CA",2022-09-13 00:00:00,173168,128000,25400,19800
Intuitive,"Sunnyvale, CA",2022-09-07 00:00:00,173000,137500,15500,20000
Apple,"Cupertino, CA",2022-09-13 00:00:00,172000,135000,37000,N/A
Amazon,"San Francisco, CA",2022-09-19 00:00:00,171000,138000,10000,23000
Zoox,"Foster City, CA",2022-09-22 00:00:00,170833,150000,8300,12500
Salesforce,"San Francisco, CA",2022-09-18 00:00:00,170538,141000,6300,23300
LinkedIn,"Santa Clara, CA",2022-09-12 00:00:00,170000,140000,30000,N/A
Genentech,"San Francisco, CA",2022-09-20 00:00:00,170000,150000,20000,N/A
AMD,"Santa Clara, CA",2022-09-17 00:00:00,170000,150000,20000,N/A
Turo,"San Francisco, CA",2022-09-29 00:00:00,170000,150000,18800,1300
Rivian,"San Francisco, CA",2022-09-06 00:00:00,170000,140000,30000,N/A
Databricks,"San Francisco, CA",2022-09-06 00:00:00,170000,135000,25000,10000
Uber,"San Francisco, CA",2022-09-11 00:00:00,170000,140000,30000,N/A
DoorDash,"San Francisco, CA",2022-09-06 00:00:00,169000,139000,30000,N/A
Zillow,"San Francisco, CA",2022-09-22 00:00:00,168750,130000,32500,6300
Apple,"San Francisco, CA",2022-09-09 00:00:00,168750,140000,22500,6300
Flexport,"San Francisco, CA",2022-09-30 00:00:00,168500,135000,20000,13500
Palo Alto Networks,"Santa Clara, CA",2022-09-28 00:00:00,167500,130000,20000,17500
Apple,"Cupertino, CA",2022-09-22 00:00:00,167340,125000,30000,12300
Addepar,"Mountain View, CA",2022-09-14 00:00:00,165780,136000,23300,6500
Cisco,"San Francisco, CA",2022-09-23 00:00:00,165500,135000,17500,13000
N/A,N/A,N/A,165080,130000,22100,13000
Shipt,"San Francisco, CA",2022-09-08 00:00:00,165000,145000,N/A,20000
Google,"San Francisco, CA",2022-09-09 00:00:00,165000,140000,25000,N/A
Yahoo,"San Jose, CA",2022-09-25 00:00:00,165000,140000,5000,20000
Palo Alto Networks,"Santa Clara, CA",2022-09-08 00:00:00,164250,125000,21300,18000
Oracle,"San Francisco, CA",2022-09-28 00:00:00,163750,120000,43800,N/A
Oracle,"Redwood City, CA",2022-09-28 00:00:00,163750,120000,43800,N/A
DroneDeploy,"Fremont, CA",2022-09-24 00:00:00,162500,125000,27500,10000
QuantumScape,"San Jose, CA",2022-09-26 00:00:00,162375,115000,22500,24900
Oracle,"Redwood City, CA",2022-09-07 00:00:00,162204,128600,28600,5000
Pure Storage,"Mountain View, CA",2022-09-17 00:00:00,161500,125000,24000,12500
Intuit,"Mountain View, CA",2022-09-22 00:00:00,161250,130000,31300,N/A
KLA,"Milpitas, CA",2022-09-08 00:00:00,161000,135000,26000,N/A
C3.ai,"Redwood City, CA",2022-09-26 00:00:00,161000,126000,17000,18000
Marvell,"Santa Clara, CA",2022-09-19 00:00:00,161000,124000,25000,12000
KLA,"Milpitas, CA",2022-09-07 00:00:00,161000,135000,26000,N/A
ServiceNow,"San Francisco, CA",2022-09-13 00:00:00,160300,133000,14000,13300
Cisco,"San Francisco, CA",2022-09-28 00:00:00,160000,142000,8000,10000
N/A,N/A,N/A,160000,160000,N/A,N/A
ByteDance,"Mountain View, CA",2022-09-30 00:00:00,160000,120000,20000,20000
PayPal,"San Jose, CA",2022-09-24 00:00:00,160000,135000,15000,10000
N/A,N/A,N/A,160000,160000,N/A,N/A
Applied Materials,"Santa Clara, CA",2022-09-27 00:00:00,160000,150000,10000,N/A
Intuit,"Mountain View, CA",2022-09-15 00:00:00,156250,125000,16300,15000
Intuit,"Mountain View, CA",2022-09-08 00:00:00,156250,125000,16300,15000
Nvidia,"Santa Clara, CA",2022-09-18 00:00:00,155750,135000,17000,3800
Capital One,"San Francisco, CA",2022-09-29 00:00:00,155625,144000,N/A,11600
Amazon,"Sunnyvale, CA",2022-09-23 00:00:00,155000,135000,20000,N/A
Microsoft,"Mountain View, CA",2022-10-04 00:00:00,155000,130000,25000,N/A
Facebook,"San Francisco, CA",2022-09-29 00:00:00,153500,123000,10500,20000
Uber,"San Francisco, CA",2022-09-11 00:00:00,153500,128300,25300,N/A
Thermo Fisher Scientific,"San Jose, CA",2022-09-10 00:00:00,153000,130000,10000,13000
N/A,N/A,N/A,152500,152500,N/A,N/A
A10 Networks,"San Jose, CA",2022-09-28 00:00:00,152388,133000,3100,16300
Walmart Global Tech,"Sunnyvale, CA",2022-09-13 00:00:00,152150,115000,15000,22200
A10 Networks,"San Jose, CA",2022-09-24 00:00:00,151850,133000,3800,15100
Capital One,"San Francisco, CA",2022-09-23 00:00:00,151125,144000,N/A,7100
Facebook,"Menlo Park, CA",2022-10-01 00:00:00,150002,150000,N/A,N/A
Scale AI,"San Francisco, CA",2022-09-20 00:00:00,150000,150000,N/A,N/A
WeRide.ai,"San Francisco, CA",2022-10-04 00:00:00,150000,150000,N/A,N/A
Slalom,"San Francisco, CA",2022-09-20 00:00:00,150000,140000,N/A,10000
Bloom Energy,"San Jose, CA",2022-09-23 00:00:00,150000,110000,30000,10000
SAP,"Palo Alto, CA",2022-09-06 00:00:00,150000,137000,N/A,13000
Unit21,"San Francisco, CA",2022-10-03 00:00:00,150000,150000,N/A,N/A
Facebook,"San Francisco, CA",2022-10-03 00:00:00,150000,140000,10000,N/A
Lacework,"San Jose, CA",2022-09-07 00:00:00,150000,150000,N/A,N/A
Microsoft,"Mountain View, CA",2022-09-22 00:00:00,150000,150000,N/A,N/A
Amazon,"Palo Alto, CA",2022-09-14 00:00:00,148400,148400,N/A,N/A
Cloudian,"San Francisco, CA",2022-09-08 00:00:00,148000,138000,10000,N/A
Cloudian,"San Mateo, CA",2022-10-03 00:00:00,148000,138000,10000,N/A
Apple,"Sunnyvale, CA",2022-09-17 00:00:00,147500,130000,17500,N/A
JPMorgan Chase,"Palo Alto, CA",2022-09-30 00:00:00,147500,125000,N/A,22500
Sitecore,"San Francisco, CA",2022-10-04 00:00:00,147000,129000,N/A,18000
eBay,"San Francisco, CA",2022-09-19 00:00:00,147000,134000,13000,N/A
Amazon,"San Francisco, CA",2022-09-22 00:00:00,146000,146000,N/A,N/A
Amazon,"San Francisco, CA",2022-09-20 00:00:00,145000,120000,25000,N/A
West Monroe,"San Francisco, CA",2022-10-05 00:00:00,145000,145000,N/A,N/A
Cruise,"San Francisco, CA",2022-09-26 00:00:00,145000,145000,N/A,N/A
Shipt,"San Francisco, CA",2022-09-09 00:00:00,145000,145000,N/A,N/A
Walmart Global Tech,"Sunnyvale, CA",2022-09-23 00:00:00,145000,115000,15000,15000
Walmart Global Tech,"Sunnyvale, CA",2022-09-30 00:00:00,145000,125000,20000,N/A
A10 Networks,"San Jose, CA",2022-09-08 00:00:00,143913,126000,3600,14400
Shopify,"San Francisco, CA",2022-09-28 00:00:00,142000,127000,15000,N/A
ChargePoint,"Campbell, CA",2022-09-09 00:00:00,142000,122000,20000,N/A
KLA,"Milpitas, CA",2022-09-27 00:00:00,141700,118000,6000,17700
Cisco,"Milpitas, CA",2022-10-05 00:00:00,141250,125000,6300,10000
Unity Technologies,"San Francisco, CA",2022-09-24 00:00:00,141125,118000,21300,1900
Intuit,"Mountain View, CA",2022-09-08 00:00:00,141000,125000,16000,N/A
Google,"San Francisco, CA",2022-09-14 00:00:00,140500,128000,12500,N/A
SambaNova Systems,"Palo Alto, CA",2022-09-28 00:00:00,140000,140000,N/A,N/A
Kohl's,"San Francisco, CA",2022-09-16 00:00:00,140000,127000,N/A,13000
Gap,"San Francisco, CA",2022-09-09 00:00:00,140000,130000,N/A,10000
Google,"San Francisco, CA",2022-09-19 00:00:00,140000,100000,40000,N/A
SiriusXM,"Oakland, CA",2022-09-20 00:00:00,140000,130000,10000,N/A
Forward,"San Francisco, CA",2022-09-09 00:00:00,139775,133000,6800,N/A
N/A,N/A,N/A,139500,109500,N/A,30000
Unity Technologies,"San Francisco, CA",2022-09-12 00:00:00,139000,127000,12000,N/A
BlackRock,"San Francisco, CA",2022-09-24 00:00:00,139000,129000,N/A,10000
Oracle,"Redwood City, CA",2022-09-24 00:00:00,138438,120000,10900,7500
HPE,"San Jose, CA",2022-09-20 00:00:00,137500,130000,2500,5000
Five9,"San Francisco, CA",2022-10-04 00:00:00,136000,110000,20000,6000
Apartment List,"San Francisco, CA",2022-09-06 00:00:00,135000,135000,N/A,N/A
Okcoin,"San Francisco, CA",2022-09-19 00:00:00,135000,120000,15000,N/A
N/A,N/A,N/A,132912,132900,N/A,N/A
Vouch Insurance,"San Francisco, CA",2022-09-20 00:00:00,130998,120000,11000,N/A
Lucid Motors,"Newark, CA",2022-09-15 00:00:00,130000,120000,10000,N/A
Fortinet,"San Francisco, CA",2022-10-02 00:00:00,130000,120000,10000,N/A
IBM,"San Francisco, CA",2022-10-03 00:00:00,130000,130000,N/A,N/A
Verily,"Mountain View, CA",2022-09-30 00:00:00,128960,129000,N/A,N/A
Striim,"Palo Alto, CA",2022-10-04 00:00:00,128800,128800,N/A,N/A
Visa,"Palo Alto, CA",2022-10-03 00:00:00,128000,128000,N/A,N/A
Visa,"Foster City, CA",2022-09-08 00:00:00,126666,110000,6700,N/A
Cisco,"San Jose, CA",2022-10-03 00:00:00,125320,113400,6300,5700
eBay,"San Jose, CA",2022-09-18 00:00:00,125000,115000,10000,N/A
IXL Learning,"San Mateo, CA",2022-10-02 00:00:00,125000,125000,N/A,N/A
Verizon,"San Francisco, CA",2022-09-18 00:00:00,125000,125000,N/A,N/A
Nightfall,"San Francisco, CA",2022-10-03 00:00:00,125000,110000,15000,N/A
Visa,"Foster City, CA",2022-09-07 00:00:00,124667,110000,6700,8000
Raytheon,"San Jose, CA",2022-09-08 00:00:00,123005,118000,N/A,5000
Cisco,"San Jose, CA",2022-09-29 00:00:00,123000,115000,N/A,8000
Grove Collaborative,"San Francisco, CA",2022-09-23 00:00:00,123000,120000,3000,N/A
Cisco,"San Jose, CA",2022-09-24 00:00:00,122805,113100,N/A,9700
AVEVA,"San Leandro, CA",2022-09-06 00:00:00,122750,119000,N/A,3800
Dell Technologies,"Santa Clara, CA",2022-09-25 00:00:00,122750,115000,N/A,7800
Chevron,"San Ramon, CA",2022-09-07 00:00:00,121750,106000,N/A,15800
Coinbase,"San Francisco, CA",2022-09-20 00:00:00,120000,100000,20000,N/A
Google,"San Francisco, CA",2022-09-19 00:00:00,120000,120000,N/A,N/A
Amazon,"San Francisco, CA",2022-09-25 00:00:00,120000,115000,5000,N/A
Agilent Technologies,"Santa Clara, CA",2022-09-13 00:00:00,120000,110000,N/A,10000
Lockheed Martin,"Sunnyvale, CA",2022-09-24 00:00:00,116250,110000,6300,N/A
First Republic Bank,"San Francisco, CA",2022-09-30 00:00:00,115000,100000,N/A,15000
First Republic Bank,"San Francisco, CA",2022-09-30 00:00:00,115000,100000,N/A,15000
Raytheon,"San Francisco, CA",2022-09-30 00:00:00,115000,115000,N/A,N/A
Cisco,"San Jose, CA",2022-09-21 00:00:00,113000,113000,N/A,N/A
Google,"San Francisco, CA",2022-09-19 00:00:00,112500,100000,12500,N/A
LinkedIn,"Sunnyvale, CA",2022-09-28 00:00:00,112340,99800,12500,N/A
Woven Planet Group,"Palo Alto, CA",2022-09-28 00:00:00,112000,112000,N/A,N/A
SAP,"Palo Alto, CA",2022-09-12 00:00:00,110000,103000,N/A,7000
Zscaler,"San Jose, CA",2022-09-10 00:00:00,110000,110000,N/A,N/A
Amobee,"Redwood City, CA",2022-09-14 00:00:00,107520,107500,N/A,N/A
N/A,N/A,N/A,107000,100000,N/A,7000
Raytheon,"San Jose, CA",2022-09-22 00:00:00,106000,103000,N/A,3000
Navitus,"San Francisco, CA",2022-10-03 00:00:00,102500,100000,2500,N/A
Google,"San Francisco, CA",2022-09-15 00:00:00,102500,100000,2500,N/A
Accenture,"San Francisco, CA",2022-10-02 00:00:00,102000,92000,N/A,10000
Wells Fargo,"San Francisco, CA",2022-09-27 00:00:00,102000,95000,N/A,7000
Accenture,"San Francisco, CA",2022-10-05 00:00:00,101586,96200,N/A,5400
BNY Mellon,"San Jose, CA",2022-09-13 00:00:00,100000,100000,N/A,N/A
Apple,"Cupertino, CA",2022-09-20 00:00:00,99000,94000,5000,N/A
Omnicell,"Santa Clara, CA",2022-09-19 00:00:00,94000,88000,N/A,6000
IBM,"San Jose, CA",2022-10-02 00:00:00,80080,80100,N/A,N/A
N/A,N/A,N/A,75000,75000,N/A,N/A
HCL Technologies,"Mountain View, CA",2022-09-28 00:00:00,72000,72000,N/A,N/A
Apple,"San Jose, CA",2022-09-20 00:00:00,56250,45000,11300,N/A
N/A,N/A,N/A,50000,50000,N/A,N/A
Amazon,"Sunnyvale, CA",2022-09-28 00:00:00,40000,40000,N/A,N/A
WePay,"Palo Alto, CA",2022-10-03 00:00:00,28106,21100,N/A,7000
Ansys,"San Jose, CA",2022-09-08 00:00:00,12500,12500,N/A,N/A
Amazon,"Los Angeles, CA",2022-09-21 00:00:00,356500,168000,95000,93500
Snap,"Los Angeles, CA",2022-09-07 00:00:00,348000,155000,178000,15000
Riot Games,"Los Angeles, CA",2022-09-06 00:00:00,307000,212000,10000,85000
Tencent,"Los Angeles, CA",2022-09-19 00:00:00,304000,160000,120000,24000
Amazon,"Los Angeles, CA",2022-09-11 00:00:00,260000,165000,95000,N/A
Amazon,"Los Angeles, CA",2022-09-24 00:00:00,246500,146500,100000,N/A
Intel,"Los Angeles, CA",2022-10-04 00:00:00,238000,168000,50000,20000
Atlassian,"Los Angeles, CA",2022-09-21 00:00:00,233554,144100,75000,14400
Google,"Irvine, CA",2022-09-23 00:00:00,232000,145000,50000,37000
Google,"Los Angeles, CA",2022-09-23 00:00:00,225000,175000,50000,N/A
Netflix,"Los Angeles, CA",2022-09-24 00:00:00,225000,225000,N/A,N/A
Snap,"Los Angeles, CA",2022-09-28 00:00:00,215000,150000,50000,15000
Netflix,"Los Angeles, CA",2022-10-05 00:00:00,207500,205000,N/A,2500
LinkedIn,"San Fernando, CA",2022-09-06 00:00:00,207000,167000,40000,N/A
VMware,"Los Angeles, CA",2022-09-16 00:00:00,199400,142000,40000,17400
Walmart,"Los Angeles, CA",2022-09-21 00:00:00,199000,150000,25000,24000
Google,"Los Angeles, CA",2022-10-03 00:00:00,195000,190000,5000,N/A
Disney,"Los Angeles, CA",2022-09-26 00:00:00,192750,131000,52800,9000
Riot Games,"Los Angeles, CA",2022-09-29 00:00:00,191375,160000,8500,22900
Amazon,"Los Angeles, CA",2022-09-29 00:00:00,187150,129000,27800,30400
Snap,"Los Angeles, CA",2022-09-26 00:00:00,185000,135000,50000,N/A
Atlassian,"Los Angeles, CA",2022-09-16 00:00:00,177000,119500,37500,20000
Facebook,"Los Angeles, CA",2022-09-14 00:00:00,175000,150000,25000,N/A
Audible,"Los Angeles, CA",2022-10-01 00:00:00,171250,132000,23800,15500
Snap,"Santa Monica, CA",2022-09-29 00:00:00,165000,125000,40000,N/A
Nordstrom,"Los Angeles, CA",2022-09-22 00:00:00,162506,135500,N/A,27000
GoodRx,"Santa Monica, CA",2022-09-24 00:00:00,159000,128000,25000,6000
GoodRx,"Los Angeles, CA",2022-09-27 00:00:00,158000,110000,40000,8000
Amazon,"Irvine, CA",2022-09-19 00:00:00,157800,127800,20000,10000
Amazon,"Los Angeles, CA",2022-09-12 00:00:00,151500,129000,22500,N/A
Booz Allen Hamilton,"El Segundo, CA",2022-09-30 00:00:00,150000,135000,N/A,15000
N/A,N/A,N/A,150000,150000,N/A,N/A
Indeed,"Los Angeles, CA",2022-09-18 00:00:00,149000,120000,17000,12000
New Relic,"Los Angeles, CA",2022-09-23 00:00:00,145000,140000,5000,N/A
Amazon,"Los Angeles, CA",2022-09-13 00:00:00,142500,140000,2500,N/A
Amazon,"Los Angeles, CA",2022-09-12 00:00:00,140000,100000,40000,N/A
Google,"Los Angeles, CA",2022-10-03 00:00:00,140000,120000,20000,N/A
Capital Group,"Los Angeles, CA",2022-09-19 00:00:00,137500,110000,16500,11000
Qualcomm,"Los Angeles, CA",2022-10-05 00:00:00,134667,118000,16700,N/A
Nordstrom,"Los Angeles, CA",2022-09-25 00:00:00,134000,122000,N/A,12000
Audible,"Los Angeles, CA",2022-10-04 00:00:00,131500,129000,2500,N/A
IBM,"Los Angeles, CA",2022-10-04 00:00:00,130000,130000,N/A,N/A
Google,"Los Angeles, CA",2022-09-16 00:00:00,125000,100000,25000,N/A
Sure,"Los Angeles, CA",2022-09-13 00:00:00,125000,125000,N/A,N/A
Optum,"Los Angeles, CA",2022-10-02 00:00:00,124150,104200,10000,10000
Esri,"Los Angeles, CA",2022-09-14 00:00:00,123000,116000,N/A,7000
The Aerospace Corporation,"El Segundo, CA",2022-09-21 00:00:00,122500,110000,N/A,12500
Google,"Los Angeles, CA",2022-09-13 00:00:00,122472,122500,N/A,N/A
N/A,N/A,N/A,120000,120000,N/A,N/A
Edmunds,"Los Angeles, CA",2022-09-22 00:00:00,120000,120000,N/A,N/A
Google,"Los Angeles, CA",2022-09-18 00:00:00,120000,100000,20000,N/A
CoStar Group,"Irvine, CA",2022-09-07 00:00:00,120000,105000,5000,10000
auticon,"Ontario, CA",2022-09-13 00:00:00,119000,119000,N/A,N/A
Blizzard Entertainment,"Irvine, CA",2022-10-04 00:00:00,115000,115000,N/A,N/A
Fulgent Genetics,"El Monte, CA",2022-09-13 00:00:00,115000,75000,40000,N/A
Northrop Grumman,"Los Angeles, CA",2022-09-27 00:00:00,115000,115000,N/A,N/A
Apple,"Los Angeles, CA",2022-09-09 00:00:00,112500,100000,12500,N/A
Twitter,"Los Angeles, CA",2022-09-10 00:00:00,112500,100000,12500,N/A
AT&T,"Los Angeles, CA",2022-09-16 00:00:00,110000,100000,N/A,10000
Blizzard Entertainment,"Irvine, CA",2022-10-02 00:00:00,109707,98000,N/A,11700
Ultra Mobile,"Costa Mesa, CA",2022-09-29 00:00:00,105000,100000,N/A,5000
N/A,N/A,N/A,105000,105000,N/A,N/A
Entrepix,"Los Angeles, CA",2022-10-03 00:00:00,105000,100000,5000,N/A
Northrop Grumman,"Azusa, CA",2022-09-28 00:00:00,104000,103000,N/A,1000
Google,"Los Angeles, CA",2022-09-08 00:00:00,102500,100000,2500,N/A
Raytheon,"El Segundo, CA",2022-10-05 00:00:00,102000,102000,N/A,N/A
Google,"Los Angeles, CA",2022-09-14 00:00:00,100250,100000,250000,N/A
Cvent,"Los Angeles, CA",2022-09-09 00:00:00,100000,100000,N/A,N/A
ABC,"Los Angeles, CA",2022-09-11 00:00:00,100000,100000,N/A,N/A
Red Hat,"Los Angeles, CA",2022-09-20 00:00:00,100000,100000,N/A,N/A
Ultra Mobile,"Los Angeles, CA",2022-09-12 00:00:00,100000,100000,N/A,N/A
Northrop Grumman,"Redondo Beach, CA",2022-10-02 00:00:00,100000,100000,N/A,N/A
Abcam,"Los Angeles, CA",2022-09-07 00:00:00,100000,100000,N/A,N/A
N/A,N/A,N/A,98000,90000,8000,N/A
Medtronic,"Los Angeles, CA",2022-09-18 00:00:00,96000,96000,N/A,N/A
Capital Group,"Los Angeles, CA",2022-09-23 00:00:00,95000,95000,N/A,N/A
NASA JPL,"Los Angeles, CA",2022-09-24 00:00:00,95000,95000,N/A,N/A
IKEA,"Los Angeles, CA",2022-09-08 00:00:00,94000,94000,N/A,N/A
Booz Allen Hamilton,"Los Angeles, CA",2022-09-24 00:00:00,93500,93500,N/A,N/A
Northrop Grumman,"Redondo Beach, CA",2022-09-27 00:00:00,89400,89400,N/A,N/A
Codazen,"Irvine, CA",2022-09-30 00:00:00,86000,86000,N/A,N/A
Lockheed Martin,"Los Angeles, CA",2022-09-26 00:00:00,85215,85200,N/A,N/A
Capital Group,"Irvine, CA",2022-10-04 00:00:00,85000,85000,N/A,N/A
N/A,N/A,N/A,85000,85000,N/A,N/A
N/A,N/A,N/A,78000,78000,N/A,N/A
Google,"Los Angeles, CA",2022-09-22 00:00:00,75679,45700,30000,N/A
Stripe,"Los Angeles, CA",2022-09-11 00:00:00,60000,50000,10000,N/A
Revature,"Los Angeles, CA",2022-10-04 00:00:00,45000,45000,N/A,N/A
Revature,"Huntington Beach, CA",2022-09-13 00:00:00,45000,45000,N/A,N/A
Google,"Seattle, WA",2022-09-19 00:00:00,470000,300000,62500,107500
Microsoft,"Redmond, WA",2022-09-06 00:00:00,341000,141000,180000,20000
Lyft,"Seattle, WA",2022-09-30 00:00:00,323000,180000,120000,23000
ByteDance,"Seattle, WA",2022-09-20 00:00:00,318903,207400,45800,65700
Lyft,"Seattle, WA",2022-09-25 00:00:00,314000,158000,156000,N/A
Amazon,"Seattle, WA",2022-10-04 00:00:00,313200,193200,120000,N/A
Uber,"Seattle, WA",2022-09-21 00:00:00,307249,178000,100000,29300
Amazon,"Seattle, WA",2022-09-27 00:00:00,297250,160000,95000,42300
Flexport,"Bellevue, WA",2022-09-27 00:00:00,295500,170000,108500,17000
Amazon,"Seattle, WA",2022-09-21 00:00:00,287000,170000,70000,47000
Stripe,"Seattle, WA",2022-09-22 00:00:00,280600,146000,85000,49600
Amazon,"Bellevue, WA",2022-09-21 00:00:00,279750,175000,60300,44500
Amazon,"Seattle, WA",2022-09-22 00:00:00,271083,152100,89000,30000
Uber,"Seattle, WA",2022-09-14 00:00:00,269625,168700,65400,35500
Stripe,"Seattle, WA",2022-09-26 00:00:00,265600,146000,85000,34600
Stripe,"Seattle, WA",2022-09-22 00:00:00,265600,146000,85000,34600
Stripe,"Seattle, WA",2022-09-19 00:00:00,265600,146000,85000,34600
Stripe,"Seattle, WA",2022-09-19 00:00:00,265600,146000,85000,34600
ByteDance,"Seattle, WA",2022-09-13 00:00:00,265000,178000,42000,45000
ByteDance,"Seattle, WA",2022-10-01 00:00:00,265000,195000,40000,30000
Amazon,"Seattle, WA",2022-10-03 00:00:00,261775,129000,95000,37800
Stripe,"Seattle, WA",2022-09-22 00:00:00,260600,146000,85000,29600
Google,"Seattle, WA",2022-09-20 00:00:00,260000,180000,80000,N/A
Amazon,"Seattle, WA",2022-09-22 00:00:00,258500,165000,93500,N/A
Amazon,"Seattle, WA",2022-09-21 00:00:00,257000,173000,84000,N/A
Amazon,"Seattle, WA",2022-09-21 00:00:00,253192,150800,102400,N/A
Amazon,"Seattle, WA",2022-09-14 00:00:00,252500,177500,47000,28000
Amazon,"Seattle, WA",2022-09-20 00:00:00,252000,167000,85000,N/A
Amazon,"Seattle, WA",2022-09-20 00:00:00,252000,155000,97000,N/A
Amazon,"Seattle, WA",2022-09-07 00:00:00,251000,151000,100000,N/A
Oracle,"Seattle, WA",2022-09-14 00:00:00,250000,150000,100000,N/A
Amazon,"Seattle, WA",2022-09-28 00:00:00,248000,163000,59500,25500
Amazon,"Seattle, WA",2022-09-21 00:00:00,245938,152100,61300,32500
Amazon,"Seattle, WA",2022-09-09 00:00:00,245000,155000,50000,40000
Amazon,"Seattle, WA",2022-09-27 00:00:00,245000,120000,125000,N/A
Amazon,"Seattle, WA",2022-09-20 00:00:00,242000,152000,90000,N/A
Amazon,"Seattle, WA",2022-09-19 00:00:00,240000,155000,85000,N/A
Facebook,"Seattle, WA",2022-09-19 00:00:00,240000,165000,75000,N/A
Atlassian,"Seattle, WA",2022-09-30 00:00:00,238950,157000,62500,19500
Google,"Seattle, WA",2022-09-06 00:00:00,236000,127000,90000,19000
Indeed,"Seattle, WA",2022-09-27 00:00:00,234500,170000,37500,27000
Oracle,"Seattle, WA",2022-10-03 00:00:00,233284,150000,73300,10000
Amazon,"Bellevue, WA",2022-10-05 00:00:00,233000,120000,86000,27000
Amazon,"Seattle, WA",2022-09-27 00:00:00,230000,160000,50000,20000
Amazon,"Seattle, WA",2022-09-29 00:00:00,229375,129000,27800,72600
Amazon,"Seattle, WA",2022-09-25 00:00:00,229000,165000,43000,21000
Apple,"Seattle, WA",2022-09-19 00:00:00,228125,150000,61900,16300
Amazon,"Seattle, WA",2022-09-19 00:00:00,228000,152000,69000,7000
Amazon,"Seattle, WA",2022-09-16 00:00:00,226975,151900,42700,32400
Amazon,"Seattle, WA",2022-10-01 00:00:00,226000,144000,29000,53000
Qualtrics,"Seattle, WA",2022-09-27 00:00:00,225500,148000,75000,2500
Amazon,"Seattle, WA",2022-09-21 00:00:00,225000,150000,75000,N/A
Google,"Seattle, WA",2022-09-16 00:00:00,225000,200000,25000,N/A
Facebook,"Seattle, WA",2022-09-21 00:00:00,224000,160000,40000,24000
Amazon,"Seattle, WA",2022-09-30 00:00:00,223750,150000,20000,53800
Amazon,"Seattle, WA",2022-09-30 00:00:00,221258,129000,27900,64400
Databricks,"Bellevue, WA",2022-09-24 00:00:00,221225,128500,68800,24000
Coupang,"Seattle, WA",2022-09-25 00:00:00,220000,120000,100000,N/A
Amazon,"Seattle, WA",2022-09-10 00:00:00,219383,129000,27900,62500
Oracle,"Seattle, WA",2022-09-07 00:00:00,218000,138000,80000,N/A
Facebook,"Seattle, WA",2022-10-04 00:00:00,216000,160000,40000,16000
Amazon,"Seattle, WA",2022-09-07 00:00:00,212897,152000,60900,N/A
Oracle,"Seattle, WA",2022-09-24 00:00:00,212500,145000,60000,7500
Microsoft,"Redmond, WA",2022-09-22 00:00:00,212350,153200,36000,23200
Microsoft,"Redmond, WA",2022-09-13 00:00:00,212150,129000,50000,33200
Apple,"Seattle, WA",2022-09-30 00:00:00,212000,150000,50000,12000
Microsoft,"Seattle, WA",2022-09-17 00:00:00,211000,176000,22000,13000
Microsoft,"Redmond, WA",2022-09-13 00:00:00,210200,136700,32500,41000
Facebook,"Seattle, WA",2022-09-08 00:00:00,210000,159000,35000,16000
Tesla,"Seattle, WA",2022-09-29 00:00:00,210000,160000,50000,N/A
Microsoft,"Redmond, WA",2022-10-04 00:00:00,210000,145000,45000,20000
Microsoft,"Seattle, WA",2022-09-29 00:00:00,209900,144000,37500,28400
Google,"Seattle, WA",2022-10-03 00:00:00,208500,135000,53000,20500
Amazon,"Seattle, WA",2022-09-11 00:00:00,208000,189000,19000,N/A
Amazon,"Seattle, WA",2022-09-25 00:00:00,207903,136500,21800,49700
Amazon,"Seattle, WA",2022-09-20 00:00:00,206850,129000,27800,50100
Microsoft,"Redmond, WA",2022-09-23 00:00:00,206300,129000,37500,39800
Amazon,"Seattle, WA",2022-09-12 00:00:00,204250,148000,33800,22500
Amazon,"Seattle, WA",2022-09-22 00:00:00,202000,162000,40000,N/A
Microsoft,"Seattle, WA",2022-10-03 00:00:00,202000,141000,40000,21000
Amazon,"Seattle, WA",2022-09-26 00:00:00,201000,156000,15000,30000
Microsoft,"Bellevue, WA",2022-09-07 00:00:00,201000,141000,40000,20000
Amazon,"Seattle, WA",2022-09-23 00:00:00,200000,160000,40000,N/A
Amazon,"Seattle, WA",2022-09-18 00:00:00,200000,160000,40000,N/A
Facebook,"Seattle, WA",2022-09-25 00:00:00,200000,120000,50000,30000
Electronic Arts,"Seattle, WA",2022-09-19 00:00:00,200000,140000,30000,30000
Microsoft,"Redmond, WA",2022-10-01 00:00:00,197500,130000,30000,37500
Chewy,"Bellevue, WA",2022-09-19 00:00:00,197000,125000,31000,41000
UiPath,"Bellevue, WA",2022-09-16 00:00:00,196750,130000,46300,20500
UiPath,"Bellevue, WA",2022-09-12 00:00:00,195500,130000,45000,20500
UiPath,"Bellevue, WA",2022-09-08 00:00:00,195500,130000,45000,20500
Coinbase,"Seattle, WA",2022-09-06 00:00:00,195000,145000,50000,N/A
Amazon,"Seattle, WA",2022-10-02 00:00:00,195000,150000,45000,N/A
Amazon,"Seattle, WA",2022-09-28 00:00:00,193750,150000,18800,25000
Microsoft,"Seattle, WA",2022-09-21 00:00:00,193750,120000,43800,30000
Microsoft,"Bellevue, WA",2022-09-10 00:00:00,193650,118400,30000,45300
Microsoft,"Redmond, WA",2022-10-04 00:00:00,193000,143000,30000,20000
Microsoft,"Redmond, WA",2022-10-05 00:00:00,192540,133500,35000,24000
Amazon,"Seattle, WA",2022-09-06 00:00:00,192500,142000,17500,N/A
Microsoft,"Redmond, WA",2022-09-22 00:00:00,192450,118000,40000,34500
Apple,"Seattle, WA",2022-09-30 00:00:00,192000,140000,40000,12000
Disney,"Seattle, WA",2022-09-30 00:00:00,191000,165000,15000,11000
Amazon,"Seattle, WA",2022-10-04 00:00:00,190500,140000,22000,28500
Amazon,"Seattle, WA",2022-10-04 00:00:00,190000,145000,45000,N/A
Amazon,"Seattle, WA",2022-09-16 00:00:00,190000,130000,30000,30000
Amazon,"Seattle, WA",2022-09-26 00:00:00,190000,150000,40000,N/A
Microsoft,"Redmond, WA",2022-09-22 00:00:00,190000,130000,45000,15000
ByteDance,"Seattle, WA",2022-09-19 00:00:00,190000,150000,40000,N/A
Facebook,"Seattle, WA",2022-09-19 00:00:00,190000,150000,40000,N/A
Amazon,"Seattle, WA",2022-09-13 00:00:00,189650,129000,27800,32900
Amazon,"Seattle, WA",2022-09-20 00:00:00,189000,129000,10000,50000
Microsoft,"Redmond, WA",2022-09-20 00:00:00,187450,118500,35000,34000
Amazon,"Seattle, WA",2022-09-10 00:00:00,187040,140000,47000,N/A
Microsoft,"Redmond, WA",2022-09-27 00:00:00,187000,145000,30000,12000
Microsoft,"Bellevue, WA",2022-09-15 00:00:00,186740,118400,40000,28300
Amazon,"Seattle, WA",2022-10-01 00:00:00,186000,140000,30000,16000
Microsoft,"Redmond, WA",2022-09-19 00:00:00,185540,136500,24000,25000
Amazon,"Seattle, WA",2022-09-25 00:00:00,185500,144000,33000,8500
Microsoft,"Redmond, WA",2022-09-27 00:00:00,185000,141000,30000,14000
Amazon,"Seattle, WA",2022-09-15 00:00:00,185000,135000,10000,40000
Microsoft,"Seattle, WA",2022-09-30 00:00:00,184800,127800,45000,12000
Facebook,"Seattle, WA",2022-09-08 00:00:00,184800,118000,55000,11800
Facebook,"Seattle, WA",2022-09-19 00:00:00,184175,118000,37500,28700
Microsoft,"Redmond, WA",2022-09-07 00:00:00,184000,144000,20000,20000
Salesforce,"Bellevue, WA",2022-09-13 00:00:00,183600,136000,25000,22600
Amazon,"Seattle, WA",2022-09-06 00:00:00,183500,155000,12500,16000
Microsoft,"Seattle, WA",2022-09-15 00:00:00,183400,118400,30000,35000
Microsoft,"Redmond, WA",2022-09-25 00:00:00,183400,118400,30000,35000
Amazon,"Seattle, WA",2022-09-30 00:00:00,182000,135000,17000,30000
SpaceX,"Redmond, WA",2022-09-25 00:00:00,181600,120000,61600,N/A
Salesforce,"Seattle, WA",2022-09-23 00:00:00,181050,133000,25000,23100
GitHub,"Seattle, WA",2022-09-25 00:00:00,181000,140000,18000,23000
Uber,"Seattle, WA",2022-09-29 00:00:00,180500,130000,25300,25300
Salesforce,"Bellevue, WA",2022-09-13 00:00:00,180321,133000,25000,22300
Amazon,"Seattle, WA",2022-09-21 00:00:00,180300,129000,27800,23600
Expedia,"Seattle, WA",2022-09-08 00:00:00,180000,120000,40000,20000
Amazon,"Seattle, WA",2022-09-12 00:00:00,180000,130000,25000,25000
Amazon,"Seattle, WA",2022-09-20 00:00:00,179883,140000,21900,18000
Amazon,"Seattle, WA",2022-09-16 00:00:00,179745,130000,26400,23300
Amazon,"Seattle, WA",2022-09-28 00:00:00,179433,129000,27900,22600
Amazon,"Seattle, WA",2022-09-21 00:00:00,179433,129000,27900,22600
Amazon,"Seattle, WA",2022-09-16 00:00:00,179433,129000,27900,22600
Amazon,"Seattle, WA",2022-09-30 00:00:00,179433,129000,27900,22600
Amazon,"Seattle, WA",2022-09-23 00:00:00,179433,129000,27900,22600
Amazon,"Seattle, WA",2022-09-25 00:00:00,179433,129000,27900,22600
Amazon,"Seattle, WA",2022-09-19 00:00:00,179433,129000,27900,22600
Amazon,"Seattle, WA",2022-09-24 00:00:00,179383,129000,27900,22500
Amazon,"Seattle, WA",2022-09-18 00:00:00,179375,129000,27900,22500
Amazon,"Seattle, WA",2022-09-17 00:00:00,179275,129000,27800,22500
Amazon,"Bellevue, WA",2022-09-15 00:00:00,179250,129000,27800,22500
Microsoft,"Redmond, WA",2022-09-22 00:00:00,179000,129000,50000,N/A
Salesforce,"Seattle, WA",2022-09-19 00:00:00,179000,140000,25000,14000
ServiceNow,"Kirkland, WA",2022-10-04 00:00:00,178000,130000,35000,13000
Microsoft,"Redmond, WA",2022-09-27 00:00:00,177870,136700,27500,13700
Amazon,"Seattle, WA",2022-09-30 00:00:00,177683,129000,27900,20800
Amazon,"Seattle, WA",2022-09-14 00:00:00,177683,129000,27900,20800
Amazon,"Seattle, WA",2022-09-14 00:00:00,177683,129000,27900,20800
Amazon,"Seattle, WA",2022-10-05 00:00:00,177500,135000,23000,19500
Amazon,"Seattle, WA",2022-09-22 00:00:00,176933,129000,27900,20100
Amazon,"Seattle, WA",2022-09-21 00:00:00,176775,129000,27800,20000
Amazon,"Seattle, WA",2022-09-08 00:00:00,176750,129000,27800,20000
Amazon,"Seattle, WA",2022-09-13 00:00:00,176750,129000,27500,20300
Amazon,"Seattle, WA",2022-09-28 00:00:00,176683,129000,27900,19800
Microsoft,"Bellevue, WA",2022-09-29 00:00:00,176580,129000,32500,15100
Okta,"Seattle, WA",2022-09-09 00:00:00,176000,135000,27500,13500
Microsoft,"Redmond, WA",2022-09-30 00:00:00,176000,130000,30000,16000
Microsoft,"Seattle, WA",2022-09-19 00:00:00,176000,136000,40000,N/A
Amazon,"Seattle, WA",2022-09-19 00:00:00,175750,129000,25000,21800
Gemini,"Seattle, WA",2022-10-05 00:00:00,175000,175000,N/A,N/A
Oracle,"Seattle, WA",2022-09-23 00:00:00,175000,135000,40000,N/A
Google,"Seattle, WA",2022-09-13 00:00:00,175000,125000,50000,N/A
Amazon,"Seattle, WA",2022-10-01 00:00:00,175000,150000,25000,N/A
Uber,"Seattle, WA",2022-09-09 00:00:00,173750,130000,25300,18500
Microsoft,"Redmond, WA",2022-09-30 00:00:00,173400,118400,30000,25000
Microsoft,"Redmond, WA",2022-09-07 00:00:00,173400,118400,30000,25000
Microsoft,"Redmond, WA",2022-09-26 00:00:00,173275,118400,37500,17400
Microsoft,"Redmond, WA",2022-09-21 00:00:00,173000,130000,30000,13000
Amazon,"Seattle, WA",2022-09-19 00:00:00,173000,130000,3000,40000
Microsoft,"Seattle, WA",2022-09-09 00:00:00,172300,118000,30000,24300
SpaceX,"Seattle, WA",2022-09-07 00:00:00,172000,120000,52000,N/A
Amazon,"Seattle, WA",2022-09-18 00:00:00,172000,125000,32000,15000
Google,"Seattle, WA",2022-09-11 00:00:00,170850,129000,22500,19400
Amazon,"Seattle, WA",2022-10-04 00:00:00,170000,120000,50000,N/A
Amazon,"Seattle, WA",2022-09-28 00:00:00,170000,140000,30000,N/A
Amazon,"Seattle, WA",2022-09-26 00:00:00,170000,170000,N/A,N/A
Amazon,"Seattle, WA",2022-09-06 00:00:00,170000,138000,32000,N/A
Microsoft,"Seattle, WA",2022-09-29 00:00:00,170000,130000,40000,N/A
Amazon,"Seattle, WA",2022-10-02 00:00:00,170000,170000,N/A,N/A
Convoy,"Seattle, WA",2022-09-27 00:00:00,170000,135000,35000,N/A
Amazon,"Seattle, WA",2022-09-07 00:00:00,170000,130000,40000,N/A
Amazon,"Seattle, WA",2022-09-15 00:00:00,169908,129000,27900,13000
Microsoft,"Seattle, WA",2022-09-19 00:00:00,169625,110000,30000,29600
Microsoft,"Seattle, WA",2022-10-04 00:00:00,169540,132400,20000,17100
Expedia,"Seattle, WA",2022-09-07 00:00:00,169000,119000,40000,10000
Zillow,"Seattle, WA",2022-09-07 00:00:00,168750,130000,32500,6300
Google,"Seattle, WA",2022-09-13 00:00:00,168550,127000,22500,19100
Amazon,"Seattle, WA",2022-09-30 00:00:00,168251,125400,25000,17900
Amazon,"Seattle, WA",2022-09-16 00:00:00,168000,125000,3000,40000
Salesforce,"Seattle, WA",2022-09-24 00:00:00,168000,130000,25000,13000
Amazon,"Seattle, WA",2022-09-14 00:00:00,167800,119800,21000,27000
Amazon,"Seattle, WA",2022-09-13 00:00:00,167750,129000,23800,15000
Amazon,"Seattle, WA",2022-09-17 00:00:00,167500,125000,25000,17500
Microsoft,"Redmond, WA",2022-10-02 00:00:00,167500,112500,30000,25000
Amazon,"Seattle, WA",2022-09-06 00:00:00,167000,129000,24000,14000
Amazon,"Seattle, WA",2022-09-15 00:00:00,166750,129000,23800,14000
Amazon,"Seattle, WA",2022-09-29 00:00:00,165800,119800,21000,25000
Amazon,"Seattle, WA",2022-09-20 00:00:00,164000,139000,25000,N/A
Amazon,"Seattle, WA",2022-09-29 00:00:00,164000,129000,25000,10000
Addepar,"Seattle, WA",2022-09-26 00:00:00,163280,130000,23300,10000
Amazon,"Seattle, WA",2022-10-04 00:00:00,163000,113000,50000,N/A
Amazon,"Seattle, WA",2022-09-27 00:00:00,163000,138000,20000,5000
Amazon,"Seattle, WA",2022-09-28 00:00:00,162250,129000,24500,8800
Microsoft,"Redmond, WA",2022-09-09 00:00:00,162150,118400,35000,8800
Microsoft,"Redmond, WA",2022-09-09 00:00:00,160250,118000,30000,12300
Twitter,"Seattle, WA",2022-09-09 00:00:00,160000,130000,30000,N/A
Amazon,"Seattle, WA",2022-09-17 00:00:00,160000,150000,10000,N/A
Microsoft,"Seattle, WA",2022-09-27 00:00:00,160000,130000,30000,N/A
MediaTek,"Seattle, WA",2022-09-30 00:00:00,160000,120000,40000,N/A
Amazon,"Bellevue, WA",2022-09-13 00:00:00,159000,139000,20000,N/A
Amazon,"Seattle, WA",2022-09-09 00:00:00,158500,115000,20500,23000
Adobe,"Seattle, WA",2022-09-16 00:00:00,158375,126000,28100,4300
F5 Networks,"Seattle, WA",2022-09-28 00:00:00,157150,136500,7000,13700
F5 Networks,"Seattle, WA",2022-09-29 00:00:00,157150,136500,7000,13700
Amazon,"Seattle, WA",2022-10-01 00:00:00,156100,126100,20000,10000
Microsoft,"Redmond, WA",2022-09-12 00:00:00,155000,125000,30000,N/A
Microsoft,"Seattle, WA",2022-09-24 00:00:00,155000,115000,30000,10000
Expedia,"Seattle, WA",2022-09-27 00:00:00,154563,148000,6600,N/A
Amazon,"Seattle, WA",2022-09-15 00:00:00,154000,129000,25000,N/A
Microsoft,"Redmond, WA",2022-10-03 00:00:00,154000,115000,30000,9000
Amazon,"Seattle, WA",2022-09-19 00:00:00,154000,129000,25000,N/A
Uber,"Seattle, WA",2022-09-23 00:00:00,153500,128300,25300,N/A
Aurora,"Seattle, WA",2022-09-15 00:00:00,153000,128000,15000,10000
Expedia,"Seattle, WA",2022-09-21 00:00:00,153000,123000,10000,20000
Amazon,"Bellevue, WA",2022-09-13 00:00:00,153000,130000,23000,N/A
Axon,"Seattle, WA",2022-09-18 00:00:00,151583,120000,18300,13300
Zulily,"Seattle, WA",2022-09-21 00:00:00,150000,125000,15000,10000
Nordstrom,"Seattle, WA",2022-09-29 00:00:00,150000,130000,N/A,20000
Gordian Software,"Seattle, WA",2022-10-02 00:00:00,150000,150000,N/A,N/A
Microsoft,"Redmond, WA",2022-09-15 00:00:00,148400,118400,30000,N/A
Chubb,"Seattle, WA",2022-09-29 00:00:00,148000,133000,N/A,15000
Microsoft,"Redmond, WA",2022-09-06 00:00:00,148000,118000,30000,N/A
Microsoft,"Seattle, WA",2022-09-07 00:00:00,148000,118000,30000,N/A
Amazon,"Seattle, WA",2022-09-27 00:00:00,147500,130000,17500,N/A
Nordstrom,"Seattle, WA",2022-09-24 00:00:00,147000,120000,N/A,27000
Microsoft,"Redmond, WA",2022-09-21 00:00:00,146000,123500,22500,N/A
Amazon,"Seattle, WA",2022-09-21 00:00:00,145740,120400,2300,23000
Microsoft,"Seattle, WA",2022-10-04 00:00:00,145000,115000,30000,N/A
REI,"Bellevue, WA",2022-09-14 00:00:00,145000,130000,15000,N/A
Microsoft,"Seattle, WA",2022-09-07 00:00:00,145000,118000,17000,10000
Microsoft,"Seattle, WA",2022-09-29 00:00:00,145000,115000,30000,N/A
Expedia,"Seattle, WA",2022-09-09 00:00:00,144000,119000,10000,15000
Microsoft,"Redmond, WA",2022-09-23 00:00:00,143000,120000,12000,11000
Expedia,"Seattle, WA",2022-09-07 00:00:00,142000,127000,10000,5000
Optimizely,"Seattle, WA",2022-09-14 00:00:00,140000,140000,N/A,N/A
Amazon,"Seattle, WA",2022-09-06 00:00:00,138000,138000,N/A,N/A
Qualtrics,"Seattle, WA",2022-09-15 00:00:00,136500,130000,N/A,6500
Cisco,"Seattle, WA",2022-10-03 00:00:00,136281,106000,25000,5300
Amazon,"Seattle, WA",2022-09-22 00:00:00,136000,134000,2000,N/A
Amazon,"Seattle, WA",2022-09-21 00:00:00,135003,104200,18100,12800
Amazon,"Seattle, WA",2022-09-19 00:00:00,135003,104200,18100,12800
Amazon,"Seattle, WA",2022-09-14 00:00:00,135003,104200,18100,12800
Amazon,"Seattle, WA",2022-10-04 00:00:00,135000,130000,5000,N/A
Microsoft,"Seattle, WA",2022-09-06 00:00:00,135000,110000,25000,N/A
Amazon,"Seattle, WA",2022-09-29 00:00:00,135000,130000,5000,N/A
Microsoft,"Redmond, WA",2022-09-16 00:00:00,132600,116800,6000,9800
Amazon,"Seattle, WA",2022-09-20 00:00:00,132000,112000,20000,N/A
Amazon,"Seattle, WA",2022-09-25 00:00:00,131400,129000,2400,N/A
Google,"Seattle, WA",2022-09-15 00:00:00,131000,110000,11000,10000
Amazon,"Seattle, WA",2022-09-26 00:00:00,130000,100000,30000,N/A
Microsoft,"Seattle, WA",2022-09-13 00:00:00,130000,125000,5000,N/A
Amazon,"Seattle, WA",2022-09-26 00:00:00,129863,115400,14400,N/A
Microsoft,"Bellevue, WA",2022-09-07 00:00:00,128000,118000,10000,N/A
Amazon,"Seattle, WA",2022-09-26 00:00:00,127000,112000,15000,N/A
DocuSign,"Seattle, WA",2022-10-03 00:00:00,127000,114000,10000,3000
Blue Origin,"Kent, WA",2022-09-25 00:00:00,127000,127000,N/A,N/A
Nordstrom,"Seattle, WA",2022-10-03 00:00:00,126500,115000,N/A,11500
Amazon,"Seattle, WA",2022-09-09 00:00:00,125000,120000,5000,N/A
WarnerMedia,"Seattle, WA",2022-09-13 00:00:00,125000,120000,5000,N/A
Amazon,"Seattle, WA",2022-09-13 00:00:00,120100,120100,N/A,N/A
Amazon,"Seattle, WA",2022-09-24 00:00:00,120000,120000,N/A,N/A
Nordstrom,"Seattle, WA",2022-09-14 00:00:00,120000,110000,N/A,10000
Blue Origin,"Kent, WA",2022-09-07 00:00:00,115000,106000,9000,N/A
Amazon,"Seattle, WA",2022-09-18 00:00:00,112000,112000,N/A,N/A
JPMorgan Chase,"Seattle, WA",2022-09-25 00:00:00,110000,105000,N/A,5000
Amazon,"Bellevue, WA",2022-10-04 00:00:00,110000,110000,N/A,N/A
Slalom,"Seattle, WA",2022-09-15 00:00:00,108000,100000,N/A,8000
Microsoft,"Seattle, WA",2022-09-11 00:00:00,106615,81200,25400,N/A
Accenture,"Redmond, WA",2022-09-15 00:00:00,104000,104000,N/A,N/A
Wyze,"Kirkland, WA",2022-09-28 00:00:00,100000,100000,N/A,N/A
N/A,N/A,N/A,100000,100000,N/A,N/A
KPMG,"Seattle, WA",2022-09-22 00:00:00,100000,90000,N/A,10000
Amazon,"Seattle, WA",2022-10-03 00:00:00,98000,98000,N/A,N/A
Liberty Mutual,"Seattle, WA",2022-09-29 00:00:00,96000,94000,N/A,2000
T-Mobile,"Bellevue, WA",2022-09-10 00:00:00,92742,82000,1700,9000
Bungie,"Bellevue, WA",2022-09-07 00:00:00,89960,90000,N/A,N/A
N/A,N/A,N/A,88000,88000,N/A,N/A
Point B,"Seattle, WA",2022-09-20 00:00:00,87000,73000,2000,12000
PACCAR,"Kirkland, WA",2022-09-29 00:00:00,85000,85000,N/A,N/A
Allegis Group,"Seattle, WA",2022-09-11 00:00:00,83200,83200,N/A,N/A
Northrop Grumman,"Seattle, WA",2022-09-16 00:00:00,81300,81300,N/A,N/A
Sinclair Broadcast Group,"Seattle, WA",2022-10-03 00:00:00,75000,75000,N/A,N/A
Misfits Market,"Gig Harbor, WA",2022-09-20 00:00:00,75000,75000,N/A,N/A
Cognizant,"Seattle, WA",2022-09-12 00:00:00,72000,72000,N/A,N/A
Apple,"Seattle, WA",2022-09-13 00:00:00,71553,70100,1500,N/A
Microsoft,"Seattle, WA",2022-09-29 00:00:00,68000,18000,50000,N/A
Microsoft,"Redmond, WA",2022-09-23 00:00:00,42000,42000,N/A,N/A
